date,time,time_id
2021-01-05,11:00:00,12
2021-01-05,12:00:00,13
2021-01-05,13:00:00,14
2021-01-05,14:00:00,15
2021-01-05,15:00:00,16
2021-01-05,16:00:00,17
2021-01-06,11:00:00,18
2021-01-06,12:00:00,19
2021-01-06,13:00:00,20
2021-01-06,14:00:00,21
2021-01-06,15:00:00,22
2021-01-06,16:00:00,23
2021-01-07,11:00:00,24
2021-01-07,12:00:00,25
2021-01-07,13:00:00,26
2021-01-07,14:00:00,27
2021-01-07,15:00:00,28
2021-01-07,16:00:00,29
2021-01-08,11:00:00,30
2021-01-08,12:00:00,31
2021-01-08,13:00:00,32
2021-01-08,14:00:00,33
2021-01-08,15:00:00,34
2021-01-08,16:00:00,35
2021-01-11,11:00:00,36
2021-01-11,12:00:00,37
2021-01-11,13:00:00,38
2021-01-11,14:00:00,39
2021-01-11,15:00:00,40
2021-01-11,16:00:00,41
2021-01-12,11:00:00,42
2021-01-12,12:00:00,43
2021-01-12,13:00:00,44
2021-01-12,14:00:00,45
2021-01-12,15:00:00,46
2021-01-12,16:00:00,47
2021-01-13,11:00:00,48
2021-01-13,12:00:00,49
2021-01-13,13:00:00,50
2021-01-13,14:00:00,51
2021-01-13,15:00:00,52
2021-01-13,16:00:00,53
2021-01-14,11:00:00,54
2021-01-14,12:00:00,55
2021-01-14,13:00:00,56
2021-01-14,14:00:00,57
2021-01-14,15:00:00,58
2021-01-14,16:00:00,59
2021-01-15,11:00:00,60
2021-01-15,12:00:00,61
2021-01-15,13:00:00,62
2021-01-15,14:00:00,63
2021-01-15,15:00:00,64
2021-01-15,16:00:00,65
2021-01-18,11:00:00,66
2021-01-18,12:00:00,67
2021-01-18,13:00:00,68
2021-01-18,14:00:00,69
2021-01-18,15:00:00,70
2021-01-18,16:00:00,71
2021-01-19,11:00:00,72
2021-01-19,12:00:00,73
2021-01-19,13:00:00,74
2021-01-19,14:00:00,75
2021-01-19,15:00:00,76
2021-01-19,16:00:00,77
2021-01-20,11:00:00,78
2021-01-20,12:00:00,79
2021-01-20,13:00:00,80
2021-01-20,14:00:00,81
2021-01-20,15:00:00,82
2021-01-20,16:00:00,83
2021-01-21,11:00:00,84
2021-01-21,12:00:00,85
2021-01-21,13:00:00,86
2021-01-21,14:00:00,87
2021-01-21,15:00:00,88
2021-01-21,16:00:00,89
2021-01-22,11:00:00,90
2021-01-22,12:00:00,91
2021-01-22,13:00:00,92
2021-01-22,14:00:00,93
2021-01-22,15:00:00,94
2021-01-22,16:00:00,95
2021-01-25,11:00:00,96
2021-01-25,12:00:00,97
2021-01-25,13:00:00,98
2021-01-25,14:00:00,99
2021-01-25,15:00:00,100
2021-01-25,16:00:00,101
2021-01-26,11:00:00,102
2021-01-26,12:00:00,103
2021-01-26,13:00:00,104
2021-01-26,14:00:00,105
2021-01-26,15:00:00,106
2021-01-26,16:00:00,107
2021-01-27,11:00:00,108
2021-01-27,12:00:00,109
2021-01-27,13:00:00,110
2021-01-27,14:00:00,111
2021-01-27,15:00:00,112
2021-01-27,16:00:00,113
2021-01-28,11:00:00,114
2021-01-28,12:00:00,115
2021-01-28,13:00:00,116
2021-01-28,14:00:00,117
2021-01-28,15:00:00,118
2021-01-28,16:00:00,119
2021-01-29,11:00:00,120
2021-01-29,12:00:00,121
2021-01-29,13:00:00,122
2021-01-29,14:00:00,123
2021-01-29,15:00:00,124
2021-01-29,16:00:00,125
2021-02-01,11:00:00,126
2021-02-01,12:00:00,127
2021-02-01,13:00:00,128
2021-02-01,14:00:00,129
2021-02-01,15:00:00,130
2021-02-01,16:00:00,131
2021-02-02,11:00:00,132
2021-02-02,12:00:00,133
2021-02-02,13:00:00,134
2021-02-02,14:00:00,135
2021-02-02,15:00:00,136
2021-02-02,16:00:00,137
2021-02-03,11:00:00,138
2021-02-03,12:00:00,139
2021-02-03,13:00:00,140
2021-02-03,14:00:00,141
2021-02-03,15:00:00,142
2021-02-03,16:00:00,143
2021-02-04,11:00:00,144
2021-02-04,12:00:00,145
2021-02-04,13:00:00,146
2021-02-04,14:00:00,147
2021-02-04,15:00:00,148
2021-02-04,16:00:00,149
2021-02-05,11:00:00,150
2021-02-05,12:00:00,151
2021-02-05,13:00:00,152
2021-02-05,14:00:00,153
2021-02-05,15:00:00,154
2021-02-05,16:00:00,155
2021-02-08,11:00:00,156
2021-02-08,12:00:00,157
2021-02-08,13:00:00,158
2021-02-08,14:00:00,159
2021-02-08,15:00:00,160
2021-02-08,16:00:00,161
2021-02-09,11:00:00,162
2021-02-09,12:00:00,163
2021-02-09,13:00:00,164
2021-02-09,14:00:00,165
2021-02-09,15:00:00,166
2021-02-09,16:00:00,167
2021-02-10,11:00:00,168
2021-02-10,12:00:00,169
2021-02-10,13:00:00,170
2021-02-10,14:00:00,171
2021-02-10,15:00:00,172
2021-02-10,16:00:00,173
2021-02-11,11:00:00,174
2021-02-11,12:00:00,175
2021-02-11,13:00:00,176
2021-02-11,14:00:00,177
2021-02-11,15:00:00,178
2021-02-11,16:00:00,179
2021-02-12,11:00:00,180
2021-02-12,12:00:00,181
2021-02-12,13:00:00,182
2021-02-12,14:00:00,183
2021-02-12,15:00:00,184
2021-02-12,16:00:00,185
2021-02-15,11:00:00,186
2021-02-15,12:00:00,187
2021-02-15,13:00:00,188
2021-02-15,14:00:00,189
2021-02-15,15:00:00,190
2021-02-15,16:00:00,191
2021-02-16,11:00:00,192
2021-02-16,12:00:00,193
2021-02-16,13:00:00,194
2021-02-16,14:00:00,195
2021-02-16,15:00:00,196
2021-02-16,16:00:00,197
2021-02-17,11:00:00,198
2021-02-17,12:00:00,199
2021-02-17,13:00:00,200
2021-02-17,14:00:00,201
2021-02-17,15:00:00,202
2021-02-17,16:00:00,203
2021-02-18,11:00:00,204
2021-02-18,12:00:00,205
2021-02-18,13:00:00,206
2021-02-18,14:00:00,207
2021-02-18,15:00:00,208
2021-02-18,16:00:00,209
2021-02-19,11:00:00,210
2021-02-19,12:00:00,211
2021-02-19,13:00:00,212
2021-02-19,14:00:00,213
2021-02-19,15:00:00,214
2021-02-19,16:00:00,215
2021-02-22,11:00:00,216
2021-02-22,12:00:00,217
2021-02-22,13:00:00,218
2021-02-22,14:00:00,219
2021-02-22,15:00:00,220
2021-02-22,16:00:00,221
2021-02-23,11:00:00,222
2021-02-23,12:00:00,223
2021-02-23,13:00:00,224
2021-02-23,14:00:00,225
2021-02-23,15:00:00,226
2021-02-23,16:00:00,227
2021-02-24,11:00:00,228
2021-02-24,12:00:00,229
2021-02-24,13:00:00,230
2021-02-24,14:00:00,231
2021-02-24,15:00:00,232
2021-02-24,16:00:00,233
2021-02-25,11:00:00,234
2021-02-25,12:00:00,235
2021-02-25,13:00:00,236
2021-02-25,14:00:00,237
2021-02-25,15:00:00,238
2021-02-25,16:00:00,239
2021-02-26,11:00:00,240
2021-02-26,12:00:00,241
2021-02-26,13:00:00,242
2021-02-26,14:00:00,243
2021-02-26,15:00:00,244
2021-02-26,16:00:00,245
2021-03-01,11:00:00,246
2021-03-01,12:00:00,247
2021-03-01,13:00:00,248
2021-03-01,14:00:00,249
2021-03-01,15:00:00,250
2021-03-01,16:00:00,251
2021-03-02,11:00:00,252
2021-03-02,12:00:00,253
2021-03-02,13:00:00,254
2021-03-02,14:00:00,255
2021-03-02,15:00:00,256
2021-03-02,16:00:00,257
2021-03-03,11:00:00,258
2021-03-03,12:00:00,259
2021-03-03,13:00:00,260
2021-03-03,14:00:00,261
2021-03-03,15:00:00,262
2021-03-03,16:00:00,263
2021-03-04,11:00:00,264
2021-03-04,12:00:00,265
2021-03-04,13:00:00,266
2021-03-04,14:00:00,267
2021-03-04,15:00:00,268
2021-03-04,16:00:00,269
2021-03-05,11:00:00,270
2021-03-05,12:00:00,271
2021-03-05,13:00:00,272
2021-03-05,14:00:00,273
2021-03-05,15:00:00,274
2021-03-05,16:00:00,275
2021-03-08,11:00:00,276
2021-03-08,12:00:00,277
2021-03-08,13:00:00,278
2021-03-08,14:00:00,279
2021-03-08,15:00:00,280
2021-03-08,16:00:00,281
2021-03-09,11:00:00,282
2021-03-09,12:00:00,283
2021-03-09,13:00:00,284
2021-03-09,14:00:00,285
2021-03-09,15:00:00,286
2021-03-09,16:00:00,287
2021-03-10,11:00:00,288
2021-03-10,12:00:00,289
2021-03-10,13:00:00,290
2021-03-10,14:00:00,291
2021-03-10,15:00:00,292
2021-03-10,16:00:00,293
2021-03-11,11:00:00,294
2021-03-11,12:00:00,295
2021-03-11,13:00:00,296
2021-03-11,14:00:00,297
2021-03-11,15:00:00,298
2021-03-11,16:00:00,299
2021-03-12,11:00:00,300
2021-03-12,12:00:00,301
2021-03-12,13:00:00,302
2021-03-12,14:00:00,303
2021-03-12,15:00:00,304
2021-03-12,16:00:00,305
2021-03-15,11:00:00,306
2021-03-15,12:00:00,307
2021-03-15,13:00:00,308
2021-03-15,14:00:00,309
2021-03-15,15:00:00,310
2021-03-15,16:00:00,311
2021-03-16,11:00:00,312
2021-03-16,12:00:00,313
2021-03-16,13:00:00,314
2021-03-16,14:00:00,315
2021-03-16,15:00:00,316
2021-03-16,16:00:00,317
2021-03-17,11:00:00,318
2021-03-17,12:00:00,319
2021-03-17,13:00:00,320
2021-03-17,14:00:00,321
2021-03-17,15:00:00,322
2021-03-17,16:00:00,323
2021-03-18,11:00:00,324
2021-03-18,12:00:00,325
2021-03-18,13:00:00,326
2021-03-18,14:00:00,327
2021-03-18,15:00:00,328
2021-03-18,16:00:00,329
2021-03-19,11:00:00,330
2021-03-19,12:00:00,331
2021-03-19,13:00:00,332
2021-03-19,14:00:00,333
2021-03-19,15:00:00,334
2021-03-19,16:00:00,335
2021-03-22,11:00:00,336
2021-03-22,12:00:00,337
2021-03-22,13:00:00,338
2021-03-22,14:00:00,339
2021-03-22,15:00:00,340
2021-03-22,16:00:00,341
2021-03-23,11:00:00,342
2021-03-23,12:00:00,343
2021-03-23,13:00:00,344
2021-03-23,14:00:00,345
2021-03-23,15:00:00,346
2021-03-23,16:00:00,347
2021-03-24,11:00:00,348
2021-03-24,12:00:00,349
2021-03-24,13:00:00,350
2021-03-24,14:00:00,351
2021-03-24,15:00:00,352
2021-03-24,16:00:00,353
2021-03-25,11:00:00,354
2021-03-25,12:00:00,355
2021-03-25,13:00:00,356
2021-03-25,14:00:00,357
2021-03-25,15:00:00,358
2021-03-25,16:00:00,359
2021-03-26,11:00:00,360
2021-03-26,12:00:00,361
2021-03-26,13:00:00,362
2021-03-26,14:00:00,363
2021-03-26,15:00:00,364
2021-03-26,16:00:00,365
2021-03-29,11:00:00,366
2021-03-29,12:00:00,367
2021-03-29,13:00:00,368
2021-03-29,14:00:00,369
2021-03-29,15:00:00,370
2021-03-29,16:00:00,371
2021-03-30,11:00:00,372
2021-03-30,12:00:00,373
2021-03-30,13:00:00,374
2021-03-30,14:00:00,375
2021-03-30,15:00:00,376
2021-03-30,16:00:00,377
2021-03-31,11:00:00,378
2021-03-31,12:00:00,379
2021-03-31,13:00:00,380
2021-03-31,14:00:00,381
2021-03-31,15:00:00,382
2021-03-31,16:00:00,383
2021-04-01,11:00:00,384
2021-04-01,12:00:00,385
2021-04-01,13:00:00,386
2021-04-01,14:00:00,387
2021-04-01,15:00:00,388
2021-04-01,16:00:00,389
2021-04-02,11:00:00,390
2021-04-02,12:00:00,391
2021-04-02,13:00:00,392
2021-04-02,14:00:00,393
2021-04-02,15:00:00,394
2021-04-02,16:00:00,395
2021-04-05,11:00:00,396
2021-04-05,12:00:00,397
2021-04-05,13:00:00,398
2021-04-05,14:00:00,399
2021-04-05,15:00:00,400
2021-04-05,16:00:00,401
2021-04-06,11:00:00,402
2021-04-06,12:00:00,403
2021-04-06,13:00:00,404
2021-04-06,14:00:00,405
2021-04-06,15:00:00,406
2021-04-06,16:00:00,407
2021-04-07,11:00:00,408
2021-04-07,12:00:00,409
2021-04-07,13:00:00,410
2021-04-07,14:00:00,411
2021-04-07,15:00:00,412
2021-04-07,16:00:00,413
2021-04-08,11:00:00,414
2021-04-08,12:00:00,415
2021-04-08,13:00:00,416
2021-04-08,14:00:00,417
2021-04-08,15:00:00,418
2021-04-08,16:00:00,419
2021-04-09,11:00:00,420
2021-04-09,12:00:00,421
2021-04-09,13:00:00,422
2021-04-09,14:00:00,423
2021-04-09,15:00:00,424
2021-04-09,16:00:00,425
2021-04-12,11:00:00,426
2021-04-12,12:00:00,427
2021-04-12,13:00:00,428
2021-04-12,14:00:00,429
2021-04-12,15:00:00,430
2021-04-12,16:00:00,431
2021-04-13,11:00:00,432
2021-04-13,12:00:00,433
2021-04-13,13:00:00,434
2021-04-13,14:00:00,435
2021-04-13,15:00:00,436
2021-04-13,16:00:00,437
2021-04-14,11:00:00,438
2021-04-14,12:00:00,439
2021-04-14,13:00:00,440
2021-04-14,14:00:00,441
2021-04-14,15:00:00,442
2021-04-14,16:00:00,443
2021-04-15,11:00:00,444
2021-04-15,12:00:00,445
2021-04-15,13:00:00,446
2021-04-15,14:00:00,447
2021-04-15,15:00:00,448
2021-04-15,16:00:00,449
2021-04-16,11:00:00,450
2021-04-16,12:00:00,451
2021-04-16,13:00:00,452
2021-04-16,14:00:00,453
2021-04-16,15:00:00,454
2021-04-16,16:00:00,455
2021-04-19,11:00:00,456
2021-04-19,12:00:00,457
2021-04-19,13:00:00,458
2021-04-19,14:00:00,459
2021-04-19,15:00:00,460
2021-04-19,16:00:00,461
2021-04-20,11:00:00,462
2021-04-20,12:00:00,463
2021-04-20,13:00:00,464
2021-04-20,14:00:00,465
2021-04-20,15:00:00,466
2021-04-20,16:00:00,467
2021-04-21,11:00:00,468
2021-04-21,12:00:00,469
2021-04-21,13:00:00,470
2021-04-21,14:00:00,471
2021-04-21,15:00:00,472
2021-04-21,16:00:00,473
2021-04-22,11:00:00,474
2021-04-22,12:00:00,475
2021-04-22,13:00:00,476
2021-04-22,14:00:00,477
2021-04-22,15:00:00,478
2021-04-22,16:00:00,479
2021-04-23,11:00:00,480
2021-04-23,12:00:00,481
2021-04-23,13:00:00,482
2021-04-23,14:00:00,483
2021-04-23,15:00:00,484
2021-04-23,16:00:00,485
2021-04-26,11:00:00,486
2021-04-26,12:00:00,487
2021-04-26,13:00:00,488
2021-04-26,14:00:00,489
2021-04-26,15:00:00,490
2021-04-26,16:00:00,491
2021-04-27,11:00:00,492
2021-04-27,12:00:00,493
2021-04-27,13:00:00,494
2021-04-27,14:00:00,495
2021-04-27,15:00:00,496
2021-04-27,16:00:00,497
2021-04-28,11:00:00,498
2021-04-28,12:00:00,499
2021-04-28,13:00:00,500
2021-04-28,14:00:00,501
2021-04-28,15:00:00,502
2021-04-28,16:00:00,503
2021-04-29,11:00:00,504
2021-04-29,12:00:00,505
2021-04-29,13:00:00,506
2021-04-29,14:00:00,507
2021-04-29,15:00:00,508
2021-04-29,16:00:00,509
2021-04-30,11:00:00,510
2021-04-30,12:00:00,511
2021-04-30,13:00:00,512
2021-04-30,14:00:00,513
2021-04-30,15:00:00,514
2021-04-30,16:00:00,515
2021-05-03,11:00:00,516
2021-05-03,12:00:00,517
2021-05-03,13:00:00,518
2021-05-03,14:00:00,519
2021-05-03,15:00:00,520
2021-05-03,16:00:00,521
2021-05-04,11:00:00,522
2021-05-04,12:00:00,523
2021-05-04,13:00:00,524
2021-05-04,14:00:00,525
2021-05-04,15:00:00,526
2021-05-04,16:00:00,527
2021-05-05,11:00:00,528
2021-05-05,12:00:00,529
2021-05-05,13:00:00,530
2021-05-05,14:00:00,531
2021-05-05,15:00:00,532
2021-05-05,16:00:00,533
2021-05-06,11:00:00,534
2021-05-06,12:00:00,535
2021-05-06,13:00:00,536
2021-05-06,14:00:00,537
2021-05-06,15:00:00,538
2021-05-06,16:00:00,539
2021-05-07,11:00:00,540
2021-05-07,12:00:00,541
2021-05-07,13:00:00,542
2021-05-07,14:00:00,543
2021-05-07,15:00:00,544
2021-05-07,16:00:00,545
2021-05-10,11:00:00,546
2021-05-10,12:00:00,547
2021-05-10,13:00:00,548
2021-05-10,14:00:00,549
2021-05-10,15:00:00,550
2021-05-10,16:00:00,551
2021-05-11,11:00:00,552
2021-05-11,12:00:00,553
2021-05-11,13:00:00,554
2021-05-11,14:00:00,555
2021-05-11,15:00:00,556
2021-05-11,16:00:00,557
2021-05-12,11:00:00,558
2021-05-12,12:00:00,559
2021-05-12,13:00:00,560
2021-05-12,14:00:00,561
2021-05-12,15:00:00,562
2021-05-12,16:00:00,563
2021-05-13,11:00:00,564
2021-05-13,12:00:00,565
2021-05-13,13:00:00,566
2021-05-13,14:00:00,567
2021-05-13,15:00:00,568
2021-05-13,16:00:00,569
2021-05-14,11:00:00,570
2021-05-14,12:00:00,571
2021-05-14,13:00:00,572
2021-05-14,14:00:00,573
2021-05-14,15:00:00,574
2021-05-14,16:00:00,575
2021-05-17,11:00:00,576
2021-05-17,12:00:00,577
2021-05-17,13:00:00,578
2021-05-17,14:00:00,579
2021-05-17,15:00:00,580
2021-05-17,16:00:00,581
2021-05-18,11:00:00,582
2021-05-18,12:00:00,583
2021-05-18,13:00:00,584
2021-05-18,14:00:00,585
2021-05-18,15:00:00,586
2021-05-18,16:00:00,587
2021-05-19,11:00:00,588
2021-05-19,12:00:00,589
2021-05-19,13:00:00,590
2021-05-19,14:00:00,591
2021-05-19,15:00:00,592
2021-05-19,16:00:00,593
2021-05-20,11:00:00,594
2021-05-20,12:00:00,595
2021-05-20,13:00:00,596
2021-05-20,14:00:00,597
2021-05-20,15:00:00,598
2021-05-20,16:00:00,599
2021-05-21,11:00:00,600
2021-05-21,12:00:00,601
2021-05-21,13:00:00,602
2021-05-21,14:00:00,603
2021-05-21,15:00:00,604
2021-05-21,16:00:00,605
2021-05-24,11:00:00,606
2021-05-24,12:00:00,607
2021-05-24,13:00:00,608
2021-05-24,14:00:00,609
2021-05-24,15:00:00,610
2021-05-24,16:00:00,611
2021-05-25,11:00:00,612
2021-05-25,12:00:00,613
2021-05-25,13:00:00,614
2021-05-25,14:00:00,615
2021-05-25,15:00:00,616
2021-05-25,16:00:00,617
2021-05-26,11:00:00,618
2021-05-26,12:00:00,619
2021-05-26,13:00:00,620
2021-05-26,14:00:00,621
2021-05-26,15:00:00,622
2021-05-26,16:00:00,623
2021-05-27,11:00:00,624
2021-05-27,12:00:00,625
2021-05-27,13:00:00,626
2021-05-27,14:00:00,627
2021-05-27,15:00:00,628
2021-05-27,16:00:00,629
2021-05-28,11:00:00,630
2021-05-28,12:00:00,631
2021-05-28,13:00:00,632
2021-05-28,14:00:00,633
2021-05-28,15:00:00,634
2021-05-28,16:00:00,635
2021-05-31,11:00:00,636
2021-05-31,12:00:00,637
2021-05-31,13:00:00,638
2021-05-31,14:00:00,639
2021-05-31,15:00:00,640
2021-05-31,16:00:00,641
2021-06-01,11:00:00,642
2021-06-01,12:00:00,643
2021-06-01,13:00:00,644
2021-06-01,14:00:00,645
2021-06-01,15:00:00,646
2021-06-01,16:00:00,647
2021-06-02,11:00:00,648
2021-06-02,12:00:00,649
2021-06-02,13:00:00,650
2021-06-02,14:00:00,651
2021-06-02,15:00:00,652
2021-06-02,16:00:00,653
2021-06-03,11:00:00,654
2021-06-03,12:00:00,655
2021-06-03,13:00:00,656
2021-06-03,14:00:00,657
2021-06-03,15:00:00,658
2021-06-03,16:00:00,659
2021-06-04,11:00:00,660
2021-06-04,12:00:00,661
2021-06-04,13:00:00,662
2021-06-04,14:00:00,663
2021-06-04,15:00:00,664
2021-06-04,16:00:00,665
2021-06-07,11:00:00,666
2021-06-07,12:00:00,667
2021-06-07,13:00:00,668
2021-06-07,14:00:00,669
2021-06-07,15:00:00,670
2021-06-07,16:00:00,671
2021-06-08,11:00:00,672
2021-06-08,12:00:00,673
2021-06-08,13:00:00,674
2021-06-08,14:00:00,675
2021-06-08,15:00:00,676
2021-06-08,16:00:00,677
2021-06-09,11:00:00,678
2021-06-09,12:00:00,679
2021-06-09,13:00:00,680
2021-06-09,14:00:00,681
2021-06-09,15:00:00,682
2021-06-09,16:00:00,683
2021-06-10,11:00:00,684
2021-06-10,12:00:00,685
2021-06-10,13:00:00,686
2021-06-10,14:00:00,687
2021-06-10,15:00:00,688
2021-06-10,16:00:00,689
2021-06-11,11:00:00,690
2021-06-11,12:00:00,691
2021-06-11,13:00:00,692
2021-06-11,14:00:00,693
2021-06-11,15:00:00,694
2021-06-11,16:00:00,695
2021-06-14,11:00:00,696
2021-06-14,12:00:00,697
2021-06-14,13:00:00,698
2021-06-14,14:00:00,699
2021-06-14,15:00:00,700
2021-06-14,16:00:00,701
2021-06-15,11:00:00,702
2021-06-15,12:00:00,703
2021-06-15,13:00:00,704
2021-06-15,14:00:00,705
2021-06-15,15:00:00,706
2021-06-15,16:00:00,707
2021-06-16,11:00:00,708
2021-06-16,12:00:00,709
2021-06-16,13:00:00,710
2021-06-16,14:00:00,711
2021-06-16,15:00:00,712
2021-06-16,16:00:00,713
2021-06-17,11:00:00,714
2021-06-17,12:00:00,715
2021-06-17,13:00:00,716
2021-06-17,14:00:00,717
2021-06-17,15:00:00,718
2021-06-17,16:00:00,719
2021-06-18,11:00:00,720
2021-06-18,12:00:00,721
2021-06-18,13:00:00,722
2021-06-18,14:00:00,723
2021-06-18,15:00:00,724
2021-06-18,16:00:00,725
2021-06-21,11:00:00,726
2021-06-21,12:00:00,727
2021-06-21,13:00:00,728
2021-06-21,14:00:00,729
2021-06-21,15:00:00,730
2021-06-21,16:00:00,731
2021-06-22,11:00:00,732
2021-06-22,12:00:00,733
2021-06-22,13:00:00,734
2021-06-22,14:00:00,735
2021-06-22,15:00:00,736
2021-06-22,16:00:00,737
2021-06-23,11:00:00,738
2021-06-23,12:00:00,739
2021-06-23,13:00:00,740
2021-06-23,14:00:00,741
2021-06-23,15:00:00,742
2021-06-23,16:00:00,743
2021-06-24,11:00:00,744
2021-06-24,12:00:00,745
2021-06-24,13:00:00,746
2021-06-24,14:00:00,747
2021-06-24,15:00:00,748
2021-06-24,16:00:00,749
2021-06-25,11:00:00,750
2021-06-25,12:00:00,751
2021-06-25,13:00:00,752
2021-06-25,14:00:00,753
2021-06-25,15:00:00,754
2021-06-25,16:00:00,755
2021-06-28,11:00:00,756
2021-06-28,12:00:00,757
2021-06-28,13:00:00,758
2021-06-28,14:00:00,759
2021-06-28,15:00:00,760
2021-06-28,16:00:00,761
2021-06-29,11:00:00,762
2021-06-29,12:00:00,763
2021-06-29,13:00:00,764
2021-06-29,14:00:00,765
2021-06-29,15:00:00,766
2021-06-29,16:00:00,767
2021-06-30,11:00:00,768
2021-06-30,12:00:00,769
2021-06-30,13:00:00,770
2021-06-30,14:00:00,771
2021-06-30,15:00:00,772
2021-06-30,16:00:00,773
2021-07-01,11:00:00,774
2021-07-01,12:00:00,775
2021-07-01,13:00:00,776
2021-07-01,14:00:00,777
2021-07-01,15:00:00,778
2021-07-01,16:00:00,779
2021-07-02,11:00:00,780
2021-07-02,12:00:00,781
2021-07-02,13:00:00,782
2021-07-02,14:00:00,783
2021-07-02,15:00:00,784
2021-07-02,16:00:00,785
2021-07-05,11:00:00,786
2021-07-05,12:00:00,787
2021-07-05,13:00:00,788
2021-07-05,14:00:00,789
2021-07-05,15:00:00,790
2021-07-05,16:00:00,791
2021-07-06,11:00:00,792
2021-07-06,12:00:00,793
2021-07-06,13:00:00,794
2021-07-06,14:00:00,795
2021-07-06,15:00:00,796
2021-07-06,16:00:00,797
2021-07-07,11:00:00,798
2021-07-07,12:00:00,799
2021-07-07,13:00:00,800
2021-07-07,14:00:00,801
2021-07-07,15:00:00,802
2021-07-07,16:00:00,803
2021-07-08,11:00:00,804
2021-07-08,12:00:00,805
2021-07-08,13:00:00,806
2021-07-08,14:00:00,807
2021-07-08,15:00:00,808
2021-07-08,16:00:00,809
2021-07-09,11:00:00,810
2021-07-09,12:00:00,811
2021-07-09,13:00:00,812
2021-07-09,14:00:00,813
2021-07-09,15:00:00,814
2021-07-09,16:00:00,815
2021-07-12,11:00:00,816
2021-07-12,12:00:00,817
2021-07-12,13:00:00,818
2021-07-12,14:00:00,819
2021-07-12,15:00:00,820
2021-07-12,16:00:00,821
2021-07-13,11:00:00,822
2021-07-13,12:00:00,823
2021-07-13,13:00:00,824
2021-07-13,14:00:00,825
2021-07-13,15:00:00,826
2021-07-13,16:00:00,827
2021-07-14,11:00:00,828
2021-07-14,12:00:00,829
2021-07-14,13:00:00,830
2021-07-14,14:00:00,831
2021-07-14,15:00:00,832
2021-07-14,16:00:00,833
2021-07-15,11:00:00,834
2021-07-15,12:00:00,835
2021-07-15,13:00:00,836
2021-07-15,14:00:00,837
2021-07-15,15:00:00,838
2021-07-15,16:00:00,839
2021-07-16,11:00:00,840
2021-07-16,12:00:00,841
2021-07-16,13:00:00,842
2021-07-16,14:00:00,843
2021-07-16,15:00:00,844
2021-07-16,16:00:00,845
2021-07-19,11:00:00,846
2021-07-19,12:00:00,847
2021-07-19,13:00:00,848
2021-07-19,14:00:00,849
2021-07-19,15:00:00,850
2021-07-19,16:00:00,851
2021-07-20,11:00:00,852
2021-07-20,12:00:00,853
2021-07-20,13:00:00,854
2021-07-20,14:00:00,855
2021-07-20,15:00:00,856
2021-07-20,16:00:00,857
2021-07-21,11:00:00,858
2021-07-21,12:00:00,859
2021-07-21,13:00:00,860
2021-07-21,14:00:00,861
2021-07-21,15:00:00,862
2021-07-21,16:00:00,863
2021-07-22,11:00:00,864
2021-07-22,12:00:00,865
2021-07-22,13:00:00,866
2021-07-22,14:00:00,867
2021-07-22,15:00:00,868
2021-07-22,16:00:00,869
2021-07-23,11:00:00,870
2021-07-23,12:00:00,871
2021-07-23,13:00:00,872
2021-07-23,14:00:00,873
2021-07-23,15:00:00,874
2021-07-23,16:00:00,875
2021-07-26,11:00:00,876
2021-07-26,12:00:00,877
2021-07-26,13:00:00,878
2021-07-26,14:00:00,879
2021-07-26,15:00:00,880
2021-07-26,16:00:00,881
2021-07-27,11:00:00,882
2021-07-27,12:00:00,883
2021-07-27,13:00:00,884
2021-07-27,14:00:00,885
2021-07-27,15:00:00,886
2021-07-27,16:00:00,887
2021-07-28,11:00:00,888
2021-07-28,12:00:00,889
2021-07-28,13:00:00,890
2021-07-28,14:00:00,891
2021-07-28,15:00:00,892
2021-07-28,16:00:00,893
2021-07-29,11:00:00,894
2021-07-29,12:00:00,895
2021-07-29,13:00:00,896
2021-07-29,14:00:00,897
2021-07-29,15:00:00,898
2021-07-29,16:00:00,899
2021-07-30,11:00:00,900
2021-07-30,12:00:00,901
2021-07-30,13:00:00,902
2021-07-30,14:00:00,903
2021-07-30,15:00:00,904
2021-07-30,16:00:00,905
2021-08-02,11:00:00,906
2021-08-02,12:00:00,907
2021-08-02,13:00:00,908
2021-08-02,14:00:00,909
2021-08-02,15:00:00,910
2021-08-02,16:00:00,911
2021-08-03,11:00:00,912
2021-08-03,12:00:00,913
2021-08-03,13:00:00,914
2021-08-03,14:00:00,915
2021-08-03,15:00:00,916
2021-08-03,16:00:00,917
2021-08-04,11:00:00,918
2021-08-04,12:00:00,919
2021-08-04,13:00:00,920
2021-08-04,14:00:00,921
2021-08-04,15:00:00,922
2021-08-04,16:00:00,923
2021-08-05,11:00:00,924
2021-08-05,12:00:00,925
2021-08-05,13:00:00,926
2021-08-05,14:00:00,927
2021-08-05,15:00:00,928
2021-08-05,16:00:00,929
2021-08-06,11:00:00,930
2021-08-06,12:00:00,931
2021-08-06,13:00:00,932
2021-08-06,14:00:00,933
2021-08-06,15:00:00,934
2021-08-06,16:00:00,935
2021-08-09,11:00:00,936
2021-08-09,12:00:00,937
2021-08-09,13:00:00,938
2021-08-09,14:00:00,939
2021-08-09,15:00:00,940
2021-08-09,16:00:00,941
2021-08-10,11:00:00,942
2021-08-10,12:00:00,943
2021-08-10,13:00:00,944
2021-08-10,14:00:00,945
2021-08-10,15:00:00,946
2021-08-10,16:00:00,947
2021-08-11,11:00:00,948
2021-08-11,12:00:00,949
2021-08-11,13:00:00,950
2021-08-11,14:00:00,951
2021-08-11,15:00:00,952
2021-08-11,16:00:00,953
2021-08-12,11:00:00,954
2021-08-12,12:00:00,955
2021-08-12,13:00:00,956
2021-08-12,14:00:00,957
2021-08-12,15:00:00,958
2021-08-12,16:00:00,959
2021-08-13,11:00:00,960
2021-08-13,12:00:00,961
2021-08-13,13:00:00,962
2021-08-13,14:00:00,963
2021-08-13,15:00:00,964
2021-08-13,16:00:00,965
2021-08-16,11:00:00,966
2021-08-16,12:00:00,967
2021-08-16,13:00:00,968
2021-08-16,14:00:00,969
2021-08-16,15:00:00,970
2021-08-16,16:00:00,971
2021-08-17,11:00:00,972
2021-08-17,12:00:00,973
2021-08-17,13:00:00,974
2021-08-17,14:00:00,975
2021-08-17,15:00:00,976
2021-08-17,16:00:00,977
2021-08-18,11:00:00,978
2021-08-18,12:00:00,979
2021-08-18,13:00:00,980
2021-08-18,14:00:00,981
2021-08-18,15:00:00,982
2021-08-18,16:00:00,983
2021-08-19,11:00:00,984
2021-08-19,12:00:00,985
2021-08-19,13:00:00,986
2021-08-19,14:00:00,987
2021-08-19,15:00:00,988
2021-08-19,16:00:00,989
2021-08-20,11:00:00,990
2021-08-20,12:00:00,991
2021-08-20,13:00:00,992
2021-08-20,14:00:00,993
2021-08-20,15:00:00,994
2021-08-20,16:00:00,995
2021-08-23,11:00:00,996
2021-08-23,12:00:00,997
2021-08-23,13:00:00,998
2021-08-23,14:00:00,999
2021-08-23,15:00:00,1000
2021-08-23,16:00:00,1001
2021-08-24,11:00:00,1002
2021-08-24,12:00:00,1003
2021-08-24,13:00:00,1004
2021-08-24,14:00:00,1005
2021-08-24,15:00:00,1006
2021-08-24,16:00:00,1007
2021-08-25,11:00:00,1008
2021-08-25,12:00:00,1009
2021-08-25,13:00:00,1010
2021-08-25,14:00:00,1011
2021-08-25,15:00:00,1012
2021-08-25,16:00:00,1013
2021-08-26,11:00:00,1014
2021-08-26,12:00:00,1015
2021-08-26,13:00:00,1016
2021-08-26,14:00:00,1017
2021-08-26,15:00:00,1018
2021-08-26,16:00:00,1019
2021-08-27,11:00:00,1020
2021-08-27,12:00:00,1021
2021-08-27,13:00:00,1022
2021-08-27,14:00:00,1023
2021-08-27,15:00:00,1024
2021-08-27,16:00:00,1025
2021-08-30,11:00:00,1026
2021-08-30,12:00:00,1027
2021-08-30,13:00:00,1028
2021-08-30,14:00:00,1029
2021-08-30,15:00:00,1030
2021-08-30,16:00:00,1031
2021-08-31,11:00:00,1032
2021-08-31,12:00:00,1033
2021-08-31,13:00:00,1034
2021-08-31,14:00:00,1035
2021-08-31,15:00:00,1036
2021-08-31,16:00:00,1037
2021-09-01,11:00:00,1038
2021-09-01,12:00:00,1039
2021-09-01,13:00:00,1040
2021-09-01,14:00:00,1041
2021-09-01,15:00:00,1042
2021-09-01,16:00:00,1043
2021-09-02,11:00:00,1044
2021-09-02,12:00:00,1045
2021-09-02,13:00:00,1046
2021-09-02,14:00:00,1047
2021-09-02,15:00:00,1048
2021-09-02,16:00:00,1049
2021-09-03,11:00:00,1050
2021-09-03,12:00:00,1051
2021-09-03,13:00:00,1052
2021-09-03,14:00:00,1053
2021-09-03,15:00:00,1054
2021-09-03,16:00:00,1055
2021-09-06,11:00:00,1056
2021-09-06,12:00:00,1057
2021-09-06,13:00:00,1058
2021-09-06,14:00:00,1059
2021-09-06,15:00:00,1060
2021-09-06,16:00:00,1061
2021-09-07,11:00:00,1062
2021-09-07,12:00:00,1063
2021-09-07,13:00:00,1064
2021-09-07,14:00:00,1065
2021-09-07,15:00:00,1066
2021-09-07,16:00:00,1067
2021-09-08,11:00:00,1068
2021-09-08,12:00:00,1069
2021-09-08,13:00:00,1070
2021-09-08,14:00:00,1071
2021-09-08,15:00:00,1072
2021-09-08,16:00:00,1073
2021-09-09,11:00:00,1074
2021-09-09,12:00:00,1075
2021-09-09,13:00:00,1076
2021-09-09,14:00:00,1077
2021-09-09,15:00:00,1078
2021-09-09,16:00:00,1079
2021-09-10,11:00:00,1080
2021-09-10,12:00:00,1081
2021-09-10,13:00:00,1082
2021-09-10,14:00:00,1083
2021-09-10,15:00:00,1084
2021-09-10,16:00:00,1085
2021-09-13,11:00:00,1086
2021-09-13,12:00:00,1087
2021-09-13,13:00:00,1088
2021-09-13,14:00:00,1089
2021-09-13,15:00:00,1090
2021-09-13,16:00:00,1091
2021-09-14,11:00:00,1092
2021-09-14,12:00:00,1093
2021-09-14,13:00:00,1094
2021-09-14,14:00:00,1095
2021-09-14,15:00:00,1096
2021-09-14,16:00:00,1097
2021-09-15,11:00:00,1098
2021-09-15,12:00:00,1099
2021-09-15,13:00:00,1100
2021-09-15,14:00:00,1101
2021-09-15,15:00:00,1102
2021-09-15,16:00:00,1103
2021-09-16,11:00:00,1104
2021-09-16,12:00:00,1105
2021-09-16,13:00:00,1106
2021-09-16,14:00:00,1107
2021-09-16,15:00:00,1108
2021-09-16,16:00:00,1109
2021-09-17,11:00:00,1110
2021-09-17,12:00:00,1111
2021-09-17,13:00:00,1112
2021-09-17,14:00:00,1113
2021-09-17,15:00:00,1114
2021-09-17,16:00:00,1115
2021-09-20,11:00:00,1116
2021-09-20,12:00:00,1117
2021-09-20,13:00:00,1118
2021-09-20,14:00:00,1119
2021-09-20,15:00:00,1120
2021-09-20,16:00:00,1121
2021-09-21,11:00:00,1122
2021-09-21,12:00:00,1123
2021-09-21,13:00:00,1124
2021-09-21,14:00:00,1125
2021-09-21,15:00:00,1126
2021-09-21,16:00:00,1127
2021-09-22,11:00:00,1128
2021-09-22,12:00:00,1129
2021-09-22,13:00:00,1130
2021-09-22,14:00:00,1131
2021-09-22,15:00:00,1132
2021-09-22,16:00:00,1133
2021-09-23,11:00:00,1134
2021-09-23,12:00:00,1135
2021-09-23,13:00:00,1136
2021-09-23,14:00:00,1137
2021-09-23,15:00:00,1138
2021-09-23,16:00:00,1139
2021-09-24,11:00:00,1140
2021-09-24,12:00:00,1141
2021-09-24,13:00:00,1142
2021-09-24,14:00:00,1143
2021-09-24,15:00:00,1144
2021-09-24,16:00:00,1145
2021-09-27,11:00:00,1146
2021-09-27,12:00:00,1147
2021-09-27,13:00:00,1148
2021-09-27,14:00:00,1149
2021-09-27,15:00:00,1150
2021-09-27,16:00:00,1151
2021-09-28,11:00:00,1152
2021-09-28,12:00:00,1153
2021-09-28,13:00:00,1154
2021-09-28,14:00:00,1155
2021-09-28,15:00:00,1156
2021-09-28,16:00:00,1157
2021-09-29,11:00:00,1158
2021-09-29,12:00:00,1159
2021-09-29,13:00:00,1160
2021-09-29,14:00:00,1161
2021-09-29,15:00:00,1162
2021-09-29,16:00:00,1163
2021-09-30,11:00:00,1164
2021-09-30,12:00:00,1165
2021-09-30,13:00:00,1166
2021-09-30,14:00:00,1167
2021-09-30,15:00:00,1168
2021-09-30,16:00:00,1169
2021-10-01,11:00:00,1170
2021-10-01,12:00:00,1171
2021-10-01,13:00:00,1172
2021-10-01,14:00:00,1173
2021-10-01,15:00:00,1174
2021-10-01,16:00:00,1175
2021-10-04,11:00:00,1176
2021-10-04,12:00:00,1177
2021-10-04,13:00:00,1178
2021-10-04,14:00:00,1179
2021-10-04,15:00:00,1180
2021-10-04,16:00:00,1181
2021-10-05,11:00:00,1182
2021-10-05,12:00:00,1183
2021-10-05,13:00:00,1184
2021-10-05,14:00:00,1185
2021-10-05,15:00:00,1186
2021-10-05,16:00:00,1187
2021-10-06,11:00:00,1188
2021-10-06,12:00:00,1189
2021-10-06,13:00:00,1190
2021-10-06,14:00:00,1191
2021-10-06,15:00:00,1192
2021-10-06,16:00:00,1193
2021-10-07,11:00:00,1194
2021-10-07,12:00:00,1195
2021-10-07,13:00:00,1196
2021-10-07,14:00:00,1197
2021-10-07,15:00:00,1198
2021-10-07,16:00:00,1199
